1	0	tmol/chemical/__init__.py
1	1	tmol/chemical/_restypes.py
77	10	tmol/database/__init__.py
226	104	tmol/database/_patched_chemdb.py
60	5	tmol/database/chemical/__init__.py
103	53	tmol/database/default/chemical/chemical.yaml
2962	0	tmol/database/default/chemical/d_amino_acids.yaml
6	8	tmol/database/default/scoring/cartbonded.yaml
1401	0	tmol/database/default/scoring/cartbonded_d_amino_acids.yaml
749	0	tmol/database/default/scoring/elec_d_amino_acids.yaml
73	26	tmol/database/default/scoring/genbonded.yaml
-	-	tmol/database/default/scoring/omega_bbdep.zip
-	-	tmol/database/default/scoring/rama.zip
7	0	tmol/database/default/scoring/ref_d_amino_acids.yaml
15	3	tmol/database/scoring/__init__.py
11	2	tmol/database/scoring/_cartbonded.py
33	0	tmol/database/scoring/_content_hash.py
10	1	tmol/database/scoring/_elec.py
14	5	tmol/database/scoring/_genbonded.py
207	0	tmol/database/scoring/_mirrored_dunbrack.py
10	2	tmol/database/scoring/_omega_bbdep.py
10	2	tmol/database/scoring/_rama.py
8	1	tmol/database/scoring/_ref.py
8	0	tmol/io/__init__.py
8	0	tmol/io/_canonical_form.py
171	63	tmol/io/_canonical_ordering.py
458	0	tmol/io/_cif.py
40	2	tmol/io/_pose_stack_construction.py
25	0	tmol/io/_pose_stack_deconstruction.py
160	11	tmol/io/_pose_stack_from_biotite.py
1	1	tmol/io/_pose_stack_from_sequence.py
1	0	tmol/io/details/__init__.py
61	5	tmol/io/details/_build_missing_leaf_atoms.py
9	2	tmol/io/details/_disulfide_search.py
8	2	tmol/io/details/_his_taut_resolution.py
18	12	tmol/io/details/_left_justify_canonical_form.py
210	16	tmol/io/details/_select_from_canonical.py
1	0	tmol/kinematics/__init__.py
41	4	tmol/kinematics/_check_fold_forest.py
130	30	tmol/kinematics/_fold_forest.py
85	0	tmol/kinematics/_scan_ordering.py
12	2	tmol/kinematics/compiled/common.hh
133	51	tmol/kinematics/compiled/compiled.impl.hh
15	6	tmol/kinematics/compiled/compiled_ops.cpp
3	0	tmol/kinematics/compiled/params.hh
8	0	tmol/ligand/__init__.py
9	6	tmol/ligand/_atom_typing.py
179	3	tmol/ligand/_chi_topology.py
10	0	tmol/ligand/_conformer_generation.py
367	0	tmol/ligand/_conjugation_patches.py
320	61	tmol/ligand/_detect.py
7	7	tmol/ligand/_openbabel_compat.py
48	1	tmol/ligand/_params_file.py
39	10	tmol/ligand/_params_io.py
899	0	tmol/ligand/_polymer_builder.py
1815	0	tmol/ligand/_polymer_profile.py
700	42	tmol/ligand/_preparation.py
3	0	tmol/ligand/_rdkit_mol.py
124	1	tmol/ligand/_registry.py
29	34	tmol/ligand/_residue_builder.py
755	0	tmol/ligand/_rotamer_reference.py
1	1	tmol/ligand/_structure_to_smiles.py
869	0	tmol/ligand/_terminus_patches.py
4	0	tmol/ops/_score_utils.py
49	28	tmol/pack/_impose_rotamers.py
69	7	tmol/pack/_pack_rotamers.py
51	0	tmol/pack/_packer_task.py
8	6	tmol/pack/rotamer/__init__.py
113	139	tmol/pack/rotamer/_build_rotamers.py
79	0	tmol/pack/rotamer/_chi_budget.py
10	21	tmol/pack/rotamer/_chi_sampler.py
27	0	tmol/pack/rotamer/_conformer_sampler.py
508	0	tmol/pack/rotamer/_conjugated_chi_sampler.py
387	0	tmol/pack/rotamer/_conjugated_groups.py
7	6	tmol/pack/rotamer/_fixed_aa_chi_sampler.py
24	6	tmol/pack/rotamer/_mainchain_fingerprint.py
51	38	tmol/pack/rotamer/_na_chi_sampler.py
48	19	tmol/pack/rotamer/_opth_sampler.py
78	41	tmol/pack/rotamer/_single_residue_kinforest.py
74	27	tmol/pack/rotamer/dunbrack/_dunbrack_chi_sampler.py
40	22	tmol/pack/rotamer/dunbrack/dispatch.impl.hh
5	1	tmol/pose/__init__.py
149	0	tmol/pose/_conjugated_groups.py
39	0	tmol/pose/_packed_block_types.py
3	2	tmol/pose/_sequence.py
2	0	tmol/score/_energy_term.py
1	0	tmol/score/backbone_torsion/__init__.py
51	11	tmol/score/backbone_torsion/_bb_torsion_energy_term.py
64	14	tmol/score/backbone_torsion/_params.py
90	80	tmol/score/backbone_torsion/potentials/backbone_torsion_pose_score.impl.hh
2	0	tmol/score/backbone_torsion/potentials/compiled.ops.cpp
15	0	tmol/score/cartbonded/_cartbonded_energy_term.py
7	0	tmol/score/cartbonded/potentials/cartbonded_pose_score.hh
357	18	tmol/score/cartbonded/potentials/cartbonded_pose_score.impl.hh
21	0	tmol/score/cartbonded/potentials/compiled.ops.cpp
2	0	tmol/score/common/_scoring_module.py
3	0	tmol/score/common/connection.hh
21	3	tmol/score/common/sphere_overlap.impl.hh
9	1	tmol/score/constraint/_constraint_energy_term.py
28	1	tmol/score/disulfide/_disulfide_energy_term.py
2	0	tmol/score/disulfide/potentials/compiled.ops.cpp
24	8	tmol/score/disulfide/potentials/disulfide_pose_score.impl.hh
113	83	tmol/score/disulfide/potentials/potentials.hh
13	1	tmol/score/dunbrack/_dunbrack_energy_term.py
18	2	tmol/score/dunbrack/potentials/compiled.ops.cpp
4	0	tmol/score/dunbrack/potentials/dunbrack_pose_score.hh
32	8	tmol/score/dunbrack/potentials/dunbrack_pose_score.impl.hh
8	4	tmol/score/elec/_elec_energy_term.py
-	-	tmol/score/elec/potentials/.DS_Store
19	15	tmol/score/elec/potentials/compiled.ops.cpp
7	4	tmol/score/elec/potentials/elec_pose_score.hh
34	27	tmol/score/elec/potentials/elec_pose_score.impl.hh
55	1	tmol/score/genbonded/_genbonded_energy_term.py
37	0	tmol/score/genbonded/potentials/compiled.ops.cpp
15	4	tmol/score/genbonded/potentials/genbonded_pose_score.hh
163	90	tmol/score/genbonded/potentials/genbonded_pose_score.impl.hh
5	1	tmol/score/hbond/potentials/compiled.ops.cpp
3	0	tmol/score/hbond/potentials/hbond_pose_score.hh
8	1	tmol/score/hbond/potentials/hbond_pose_score.impl.hh
24	12	tmol/score/ljlk/_ljlk_energy_term.py
19	15	tmol/score/ljlk/potentials/compiled.ops.cpp
7	4	tmol/score/ljlk/potentials/ljlk_pose_score.hh
34	27	tmol/score/ljlk/potentials/ljlk_pose_score.impl.hh
14	1	tmol/score/lk_ball/_lk_ball_energy_term.py
34	19	tmol/score/lk_ball/potentials/compiled.ops.cpp
6	0	tmol/score/lk_ball/potentials/gen_pose_waters.hh
10	0	tmol/score/lk_ball/potentials/gen_pose_waters.impl.hh
3	0	tmol/score/lk_ball/potentials/lk_ball_pose_score.hh
5	1	tmol/score/lk_ball/potentials/lk_ball_pose_score.impl.hh
38	6	tmol/score/lk_ball/potentials/water.hh
4	0	tmol/score/na_torsion/__init__.py
6	2	tmol/score/na_torsion/_na_torsion_energy_term.py
68	14	tmol/score/na_torsion/_params.py
8	4	tmol/score/ref/_ref_energy_term.py
0	0	tmol/support/chemical/__init__.py
245	0	tmol/support/chemical/_add_d_amino_acids.py
115	0	tmol/support/scoring/_add_equiv_class_lookup_rows.py
157	0	tmol/support/scoring/_add_symmetric_gly_tables.py
3	6	tmol/support/scoring/_rewrite_omega_bbdep_binary.py
2	4	tmol/support/scoring/_rewrite_rama_binary.py
0	4	tmol/tests/_benchmark.py
12	24	tmol/tests/data/__init__.py
1	81	tmol/tests/data/cif/155c__1__1.A__1.B.cif
274	0	tmol/tests/data/cif/cyclic_peptide_1jbl.cif
47	0	tmol/tests/data/covalent_fixtures/README.md
1513	0	tmol/tests/data/covalent_fixtures/lys_biotin_1bdo.cif
3181	0	tmol/tests/data/covalent_fixtures/nglycan_tree_1ax2.cif
907	0	tmol/tests/data/covalent_fixtures/oglycan_sia_1g1s.cif
25	3	tmol/tests/data/ligand_cif_fixtures/README.md
26	0	tmol/tests/data/ligand_cif_fixtures/glycan_nag_pair.cif
0	80	tmol/tests/data/ligand_test/ligand_ground_truth/manifest.json
754	0	tmol/tests/data/ncaa_fixtures/6dmz_mod_d.cif
754	0	tmol/tests/data/ncaa_fixtures/6dmz_mod_l.cif
129	0	tmol/tests/data/ncaa_fixtures/README.md
1406	0	tmol/tests/data/ncaa_fixtures/beta_peptide_3c3g.cif
47	0	tmol/tests/data/ncaa_fixtures/capped_peptide_ace_nh2.cif
48	0	tmol/tests/data/ncaa_fixtures/capped_peptide_ace_nme.cif
212	0	tmol/tests/data/ncaa_fixtures/collagen_hyp_1bkv.cif
135	0	tmol/tests/data/ncaa_fixtures/gamma_peptide_1gac.cif
203	0	tmol/tests/data/ncaa_fixtures/na_dna_5mc_1d17.cif
296	0	tmol/tests/data/ncaa_fixtures/na_dna_8og_183d.cif
446	0	tmol/tests/data/ncaa_fixtures/na_dna_ttd_1ttd.cif
275	0	tmol/tests/data/ncaa_fixtures/na_rna_2ome_310d.cif
613	0	tmol/tests/data/ncaa_fixtures/na_rna_psu_1bzt.cif
106	0	tmol/tests/data/ncaa_fixtures/nmethyl_peptide_6mvz.cif
131	0	tmol/tests/data/ncaa_fixtures/phosphopeptide_5ema.cif
100	0	tmol/tests/data/noncanonical_scores.yaml
242	0	tmol/tests/data/pdb/cyclic_peptide_1jbl.pdb
6	6	tmol/tests/data/term_baselines/CartBondedEnergyTerm/test_block_scoring.yaml
164	164	tmol/tests/data/term_baselines/CartBondedEnergyTerm/test_disulfide_scoring.yaml
20	20	tmol/tests/data/term_baselines/CartBondedEnergyTerm/test_whole_pose_scoring_10.yaml
6	6	tmol/tests/data/term_baselines/CartBondedEnergyTerm/test_whole_pose_scoring_jagged.yaml
5	5	tmol/tests/database/scoring/test_rama.py
170	0	tmol/tests/database/test_d_amino_acids.py
71	16	tmol/tests/io/details/test_find_disulfides.py
6	6	tmol/tests/io/details/test_his_taut_resolution.py
43	15	tmol/tests/io/details/test_left_justify_canonical_form.py
2	0	tmol/tests/io/details/test_select_from_canonical.py
15	101	tmol/tests/io/test_pose_stack_from_biotite.py
30	0	tmol/tests/kinematics/test_create_scan_orering_from_block_types.py
123	8	tmol/tests/kinematics/test_fold_forest.py
3	6	tmol/tests/ligand/_parity_helpers.py
2	7	tmol/tests/ligand/_parity_manifest.py
12	2	tmol/tests/ligand/test_atom_typing_coverage.py
3	1	tmol/tests/ligand/test_atom_typing_regressions.py
9	9	tmol/tests/ligand/test_cif_to_dg.py
1	9	tmol/tests/ligand/test_fixture_integrity.py
0	2	tmol/tests/ligand/test_fragmented_ligand_scoring.py
13	14	tmol/tests/ligand/test_ligand_entry_paths.py
46	22	tmol/tests/ligand/test_ligand_pipeline.py
4	7	tmol/tests/ligand/test_ligand_unit_coverage.py
540	0	tmol/tests/ligand/test_noncanonical_residues.py
1077	0	tmol/tests/ligand/test_nonstandard_backbones.py
376	0	tmol/tests/ligand/test_nucleic_acids.py
0	3	tmol/tests/ligand/test_parity_manifest.py
0	1	tmol/tests/ligand/test_protein_ligand_ddg.py
0	13	tmol/tests/ligand/test_serialization_consistency.py
30	18	tmol/tests/pack/rotamer/dunbrack/test_dunbrack_chi_sampler.py
26	18	tmol/tests/pack/rotamer/test_build_rotamers.py
15	6	tmol/tests/pack/rotamer/test_na_chi_sampler.py
318	0	tmol/tests/pack/rotamer/test_noncanonical_rotamers.py
232	0	tmol/tests/pack/test_conjugated_group_packing.py
1	1	tmol/tests/pose/test_util.py
173	0	tmol/tests/score/backbone_torsion/test_mirrored_tables.py
114	0	tmol/tests/score/backbone_torsion/test_symmetric_gly.py
39	6	tmol/tests/score/cartbonded/test_cartbonded_param_reachability.py
-	-	tmol/tests/score/elec/.DS_Store
117	0	tmol/tests/score/genbonded/test_genbonded_energy_term.py
123	0	tmol/tests/score/test_mirror_image_scoring.py
97	0	tmol/tests/score/test_noncanonical_scoring.py
6	6	tmol/tests/score/test_score_function.py
260	0	tmol/tests/score/test_torsion_ownership.py
293	0	tmol/tests/test_covalent_components.py
219	0	tmol/tests/test_cyclic_peptide.py
